{"title":"Happy Life Subscription","id":"10","meta":{"name":"The Happy Life Subscription","menu":"happy-life","tab_menu":"happy-life","appZip":"https:\/\/s3-us-west-2.amazonaws.com\/myapppresserstorage\/wp-content\/uploads\/sites\/1927\/2018\/10\/17210015\/the-happy-life-subscription-3.7.zip","app_update_version":7,"design":{"toolbar_background":"#f27979","toolbar_color":"","text_color":"#444444","body_bg":"","left_menu_bg":"","left_menu_text":"","left_menu_icons":"","button_text":"#ffffff","button_background":"","link_color":"#f27979","headings_color":"","status_bar_bkg":"","custom_css":""},"light_status_bar":false,"menu_right":true,"rtl":false,"share":{"icon":{"hide":true}},"intro_slug":""},"ads":{"ios":{"banner":""},"android":{"banner":""}},"segments":"","languages":"","default_language":"en","assets":{"header_logo":54},"menus":{"items":[{"title":"All Courses","page_id":"25","page_type":null,"list_route":null,"list_display":null,"favorites":null,"show_slider":null,"slide_route":null,"slug":"all-courses","type":"custom","url":"https:\/\/faithlifenow.com\/happylife-staging\/all-courses\/","extra_classes":"","target":"","class":"albums","parent_id":"0"},{"title":"My Courses","page_id":"61","page_type":null,"list_route":null,"list_display":null,"favorites":null,"show_slider":null,"slide_route":null,"slug":"my-courses","type":"custom","url":"https:\/\/faithlifenow.com\/happylife-staging\/my-courses-2\/","extra_classes":"","target":"","class":"person","parent_id":"0"},{"title":"Downloads","page_id":"106","page_type":"html","list_route":null,"list_display":null,"favorites":null,"show_slider":"false","slide_route":null,"slug":"downloads","type":"apppages","url":"https:\/\/myapppresser.com\/drewbacca47\/apppages\/downloads\/","extra_classes":"","target":"","class":"download","parent_id":"0"}],"name":"Happy Life"},"tab_menu":{"items":[{"title":"All Courses","page_id":"25","page_type":null,"list_route":null,"list_display":null,"favorites":null,"show_slider":null,"slide_route":null,"slug":"all-courses","type":"custom","url":"https:\/\/faithlifenow.com\/happylife-staging\/all-courses\/","extra_classes":"","target":"","class":"albums","parent_id":"0"},{"title":"My Courses","page_id":"61","page_type":null,"list_route":null,"list_display":null,"favorites":null,"show_slider":null,"slide_route":null,"slug":"my-courses","type":"custom","url":"https:\/\/faithlifenow.com\/happylife-staging\/my-courses-2\/","extra_classes":"","target":"","class":"person","parent_id":"0"},{"title":"Downloads","page_id":"106","page_type":"html","list_route":null,"list_display":null,"favorites":null,"show_slider":"false","slide_route":null,"slug":"downloads","type":"apppages","url":"https:\/\/myapppresser.com\/drewbacca47\/apppages\/downloads\/","extra_classes":"","target":"","class":"download","parent_id":"0"}],"name":"Happy Life"},"side_menu_login":"","side_menu_force_login":"","wordpress_url":"https:\/\/faithlifenow.com\/happylife-staging\/","show_registration_link":"","registration_url":"","wp_site_addr":""}